login,id,node_id,avatar_url,gravatar_id,url,html_url,followers_url,following_url,gists_url,starred_url,subscriptions_url,organizations_url,repos_url,events_url,received_events_url,type,site_admin
djaquels,2791345,MDQ6VXNlcjI3OTEzNDU=,https://avatars.githubusercontent.com/u/2791345?v=4,,https://api.github.com/users/djaquels,https://github.com/djaquels,https://api.github.com/users/djaquels/followers,https://api.github.com/users/djaquels/following{/other_user},https://api.github.com/users/djaquels/gists{/gist_id},https://api.github.com/users/djaquels/starred{/owner}{/repo},https://api.github.com/users/djaquels/subscriptions,https://api.github.com/users/djaquels/orgs,https://api.github.com/users/djaquels/repos,https://api.github.com/users/djaquels/events{/privacy},https://api.github.com/users/djaquels/received_events,User,False
ivolivares,1131919,MDQ6VXNlcjExMzE5MTk=,https://avatars.githubusercontent.com/u/1131919?v=4,,https://api.github.com/users/ivolivares,https://github.com/ivolivares,https://api.github.com/users/ivolivares/followers,https://api.github.com/users/ivolivares/following{/other_user},https://api.github.com/users/ivolivares/gists{/gist_id},https://api.github.com/users/ivolivares/starred{/owner}{/repo},https://api.github.com/users/ivolivares/subscriptions,https://api.github.com/users/ivolivares/orgs,https://api.github.com/users/ivolivares/repos,https://api.github.com/users/ivolivares/events{/privacy},https://api.github.com/users/ivolivares/received_events,User,False
g1sus,9277407,MDQ6VXNlcjkyNzc0MDc=,https://avatars.githubusercontent.com/u/9277407?v=4,,https://api.github.com/users/g1sus,https://github.com/g1sus,https://api.github.com/users/g1sus/followers,https://api.github.com/users/g1sus/following{/other_user},https://api.github.com/users/g1sus/gists{/gist_id},https://api.github.com/users/g1sus/starred{/owner}{/repo},https://api.github.com/users/g1sus/subscriptions,https://api.github.com/users/g1sus/orgs,https://api.github.com/users/g1sus/repos,https://api.github.com/users/g1sus/events{/privacy},https://api.github.com/users/g1sus/received_events,User,False
Lamb11,7622045,MDQ6VXNlcjc2MjIwNDU=,https://avatars.githubusercontent.com/u/7622045?v=4,,https://api.github.com/users/Lamb11,https://github.com/Lamb11,https://api.github.com/users/Lamb11/followers,https://api.github.com/users/Lamb11/following{/other_user},https://api.github.com/users/Lamb11/gists{/gist_id},https://api.github.com/users/Lamb11/starred{/owner}{/repo},https://api.github.com/users/Lamb11/subscriptions,https://api.github.com/users/Lamb11/orgs,https://api.github.com/users/Lamb11/repos,https://api.github.com/users/Lamb11/events{/privacy},https://api.github.com/users/Lamb11/received_events,User,False
goshmx,2424420,MDQ6VXNlcjI0MjQ0MjA=,https://avatars.githubusercontent.com/u/2424420?v=4,,https://api.github.com/users/goshmx,https://github.com/goshmx,https://api.github.com/users/goshmx/followers,https://api.github.com/users/goshmx/following{/other_user},https://api.github.com/users/goshmx/gists{/gist_id},https://api.github.com/users/goshmx/starred{/owner}{/repo},https://api.github.com/users/goshmx/subscriptions,https://api.github.com/users/goshmx/orgs,https://api.github.com/users/goshmx/repos,https://api.github.com/users/goshmx/events{/privacy},https://api.github.com/users/goshmx/received_events,User,False
pavelsumano,10138414,MDQ6VXNlcjEwMTM4NDE0,https://avatars.githubusercontent.com/u/10138414?v=4,,https://api.github.com/users/pavelsumano,https://github.com/pavelsumano,https://api.github.com/users/pavelsumano/followers,https://api.github.com/users/pavelsumano/following{/other_user},https://api.github.com/users/pavelsumano/gists{/gist_id},https://api.github.com/users/pavelsumano/starred{/owner}{/repo},https://api.github.com/users/pavelsumano/subscriptions,https://api.github.com/users/pavelsumano/orgs,https://api.github.com/users/pavelsumano/repos,https://api.github.com/users/pavelsumano/events{/privacy},https://api.github.com/users/pavelsumano/received_events,User,False
chemanel,10574078,MDQ6VXNlcjEwNTc0MDc4,https://avatars.githubusercontent.com/u/10574078?v=4,,https://api.github.com/users/chemanel,https://github.com/chemanel,https://api.github.com/users/chemanel/followers,https://api.github.com/users/chemanel/following{/other_user},https://api.github.com/users/chemanel/gists{/gist_id},https://api.github.com/users/chemanel/starred{/owner}{/repo},https://api.github.com/users/chemanel/subscriptions,https://api.github.com/users/chemanel/orgs,https://api.github.com/users/chemanel/repos,https://api.github.com/users/chemanel/events{/privacy},https://api.github.com/users/chemanel/received_events,User,False
chiunti,8161425,MDQ6VXNlcjgxNjE0MjU=,https://avatars.githubusercontent.com/u/8161425?v=4,,https://api.github.com/users/chiunti,https://github.com/chiunti,https://api.github.com/users/chiunti/followers,https://api.github.com/users/chiunti/following{/other_user},https://api.github.com/users/chiunti/gists{/gist_id},https://api.github.com/users/chiunti/starred{/owner}{/repo},https://api.github.com/users/chiunti/subscriptions,https://api.github.com/users/chiunti/orgs,https://api.github.com/users/chiunti/repos,https://api.github.com/users/chiunti/events{/privacy},https://api.github.com/users/chiunti/received_events,User,False
xabita,6655118,MDQ6VXNlcjY2NTUxMTg=,https://avatars.githubusercontent.com/u/6655118?v=4,,https://api.github.com/users/xabita,https://github.com/xabita,https://api.github.com/users/xabita/followers,https://api.github.com/users/xabita/following{/other_user},https://api.github.com/users/xabita/gists{/gist_id},https://api.github.com/users/xabita/starred{/owner}{/repo},https://api.github.com/users/xabita/subscriptions,https://api.github.com/users/xabita/orgs,https://api.github.com/users/xabita/repos,https://api.github.com/users/xabita/events{/privacy},https://api.github.com/users/xabita/received_events,User,False
jorgeluismartinezlopez,13290313,MDQ6VXNlcjEzMjkwMzEz,https://avatars.githubusercontent.com/u/13290313?v=4,,https://api.github.com/users/jorgeluismartinezlopez,https://github.com/jorgeluismartinezlopez,https://api.github.com/users/jorgeluismartinezlopez/followers,https://api.github.com/users/jorgeluismartinezlopez/following{/other_user},https://api.github.com/users/jorgeluismartinezlopez/gists{/gist_id},https://api.github.com/users/jorgeluismartinezlopez/starred{/owner}{/repo},https://api.github.com/users/jorgeluismartinezlopez/subscriptions,https://api.github.com/users/jorgeluismartinezlopez/orgs,https://api.github.com/users/jorgeluismartinezlopez/repos,https://api.github.com/users/jorgeluismartinezlopez/events{/privacy},https://api.github.com/users/jorgeluismartinezlopez/received_events,User,False
NEOMATRYX,13290344,MDQ6VXNlcjEzMjkwMzQ0,https://avatars.githubusercontent.com/u/13290344?v=4,,https://api.github.com/users/NEOMATRYX,https://github.com/NEOMATRYX,https://api.github.com/users/NEOMATRYX/followers,https://api.github.com/users/NEOMATRYX/following{/other_user},https://api.github.com/users/NEOMATRYX/gists{/gist_id},https://api.github.com/users/NEOMATRYX/starred{/owner}{/repo},https://api.github.com/users/NEOMATRYX/subscriptions,https://api.github.com/users/NEOMATRYX/orgs,https://api.github.com/users/NEOMATRYX/repos,https://api.github.com/users/NEOMATRYX/events{/privacy},https://api.github.com/users/NEOMATRYX/received_events,User,False
RobertoNovelo,4637185,MDQ6VXNlcjQ2MzcxODU=,https://avatars.githubusercontent.com/u/4637185?v=4,,https://api.github.com/users/RobertoNovelo,https://github.com/RobertoNovelo,https://api.github.com/users/RobertoNovelo/followers,https://api.github.com/users/RobertoNovelo/following{/other_user},https://api.github.com/users/RobertoNovelo/gists{/gist_id},https://api.github.com/users/RobertoNovelo/starred{/owner}{/repo},https://api.github.com/users/RobertoNovelo/subscriptions,https://api.github.com/users/RobertoNovelo/orgs,https://api.github.com/users/RobertoNovelo/repos,https://api.github.com/users/RobertoNovelo/events{/privacy},https://api.github.com/users/RobertoNovelo/received_events,User,False
angusshire,5877145,MDQ6VXNlcjU4NzcxNDU=,https://avatars.githubusercontent.com/u/5877145?v=4,,https://api.github.com/users/angusshire,https://github.com/angusshire,https://api.github.com/users/angusshire/followers,https://api.github.com/users/angusshire/following{/other_user},https://api.github.com/users/angusshire/gists{/gist_id},https://api.github.com/users/angusshire/starred{/owner}{/repo},https://api.github.com/users/angusshire/subscriptions,https://api.github.com/users/angusshire/orgs,https://api.github.com/users/angusshire/repos,https://api.github.com/users/angusshire/events{/privacy},https://api.github.com/users/angusshire/received_events,User,False
checkeat,21315144,MDQ6VXNlcjIxMzE1MTQ0,https://avatars.githubusercontent.com/u/21315144?v=4,,https://api.github.com/users/checkeat,https://github.com/checkeat,https://api.github.com/users/checkeat/followers,https://api.github.com/users/checkeat/following{/other_user},https://api.github.com/users/checkeat/gists{/gist_id},https://api.github.com/users/checkeat/starred{/owner}{/repo},https://api.github.com/users/checkeat/subscriptions,https://api.github.com/users/checkeat/orgs,https://api.github.com/users/checkeat/repos,https://api.github.com/users/checkeat/events{/privacy},https://api.github.com/users/checkeat/received_events,User,False
claudeth1919,10688572,MDQ6VXNlcjEwNjg4NTcy,https://avatars.githubusercontent.com/u/10688572?v=4,,https://api.github.com/users/claudeth1919,https://github.com/claudeth1919,https://api.github.com/users/claudeth1919/followers,https://api.github.com/users/claudeth1919/following{/other_user},https://api.github.com/users/claudeth1919/gists{/gist_id},https://api.github.com/users/claudeth1919/starred{/owner}{/repo},https://api.github.com/users/claudeth1919/subscriptions,https://api.github.com/users/claudeth1919/orgs,https://api.github.com/users/claudeth1919/repos,https://api.github.com/users/claudeth1919/events{/privacy},https://api.github.com/users/claudeth1919/received_events,User,False
VinissaLeilaniCarballo,34116893,MDQ6VXNlcjM0MTE2ODkz,https://avatars.githubusercontent.com/u/34116893?v=4,,https://api.github.com/users/VinissaLeilaniCarballo,https://github.com/VinissaLeilaniCarballo,https://api.github.com/users/VinissaLeilaniCarballo/followers,https://api.github.com/users/VinissaLeilaniCarballo/following{/other_user},https://api.github.com/users/VinissaLeilaniCarballo/gists{/gist_id},https://api.github.com/users/VinissaLeilaniCarballo/starred{/owner}{/repo},https://api.github.com/users/VinissaLeilaniCarballo/subscriptions,https://api.github.com/users/VinissaLeilaniCarballo/orgs,https://api.github.com/users/VinissaLeilaniCarballo/repos,https://api.github.com/users/VinissaLeilaniCarballo/events{/privacy},https://api.github.com/users/VinissaLeilaniCarballo/received_events,User,False
nklarer,24376728,MDQ6VXNlcjI0Mzc2NzI4,https://avatars.githubusercontent.com/u/24376728?v=4,,https://api.github.com/users/nklarer,https://github.com/nklarer,https://api.github.com/users/nklarer/followers,https://api.github.com/users/nklarer/following{/other_user},https://api.github.com/users/nklarer/gists{/gist_id},https://api.github.com/users/nklarer/starred{/owner}{/repo},https://api.github.com/users/nklarer/subscriptions,https://api.github.com/users/nklarer/orgs,https://api.github.com/users/nklarer/repos,https://api.github.com/users/nklarer/events{/privacy},https://api.github.com/users/nklarer/received_events,User,False
dxcdivad,34723664,MDQ6VXNlcjM0NzIzNjY0,https://avatars.githubusercontent.com/u/34723664?v=4,,https://api.github.com/users/dxcdivad,https://github.com/dxcdivad,https://api.github.com/users/dxcdivad/followers,https://api.github.com/users/dxcdivad/following{/other_user},https://api.github.com/users/dxcdivad/gists{/gist_id},https://api.github.com/users/dxcdivad/starred{/owner}{/repo},https://api.github.com/users/dxcdivad/subscriptions,https://api.github.com/users/dxcdivad/orgs,https://api.github.com/users/dxcdivad/repos,https://api.github.com/users/dxcdivad/events{/privacy},https://api.github.com/users/dxcdivad/received_events,User,False
carterdea,803962,MDQ6VXNlcjgwMzk2Mg==,https://avatars.githubusercontent.com/u/803962?v=4,,https://api.github.com/users/carterdea,https://github.com/carterdea,https://api.github.com/users/carterdea/followers,https://api.github.com/users/carterdea/following{/other_user},https://api.github.com/users/carterdea/gists{/gist_id},https://api.github.com/users/carterdea/starred{/owner}{/repo},https://api.github.com/users/carterdea/subscriptions,https://api.github.com/users/carterdea/orgs,https://api.github.com/users/carterdea/repos,https://api.github.com/users/carterdea/events{/privacy},https://api.github.com/users/carterdea/received_events,User,False
atagulalan,8681330,MDQ6VXNlcjg2ODEzMzA=,https://avatars.githubusercontent.com/u/8681330?v=4,,https://api.github.com/users/atagulalan,https://github.com/atagulalan,https://api.github.com/users/atagulalan/followers,https://api.github.com/users/atagulalan/following{/other_user},https://api.github.com/users/atagulalan/gists{/gist_id},https://api.github.com/users/atagulalan/starred{/owner}{/repo},https://api.github.com/users/atagulalan/subscriptions,https://api.github.com/users/atagulalan/orgs,https://api.github.com/users/atagulalan/repos,https://api.github.com/users/atagulalan/events{/privacy},https://api.github.com/users/atagulalan/received_events,User,False
Daih25,48331741,MDQ6VXNlcjQ4MzMxNzQx,https://avatars.githubusercontent.com/u/48331741?v=4,,https://api.github.com/users/Daih25,https://github.com/Daih25,https://api.github.com/users/Daih25/followers,https://api.github.com/users/Daih25/following{/other_user},https://api.github.com/users/Daih25/gists{/gist_id},https://api.github.com/users/Daih25/starred{/owner}{/repo},https://api.github.com/users/Daih25/subscriptions,https://api.github.com/users/Daih25/orgs,https://api.github.com/users/Daih25/repos,https://api.github.com/users/Daih25/events{/privacy},https://api.github.com/users/Daih25/received_events,User,False
jvandres247,26749520,MDQ6VXNlcjI2NzQ5NTIw,https://avatars.githubusercontent.com/u/26749520?v=4,,https://api.github.com/users/jvandres247,https://github.com/jvandres247,https://api.github.com/users/jvandres247/followers,https://api.github.com/users/jvandres247/following{/other_user},https://api.github.com/users/jvandres247/gists{/gist_id},https://api.github.com/users/jvandres247/starred{/owner}{/repo},https://api.github.com/users/jvandres247/subscriptions,https://api.github.com/users/jvandres247/orgs,https://api.github.com/users/jvandres247/repos,https://api.github.com/users/jvandres247/events{/privacy},https://api.github.com/users/jvandres247/received_events,User,False
GuzaJaime,52963649,MDQ6VXNlcjUyOTYzNjQ5,https://avatars.githubusercontent.com/u/52963649?v=4,,https://api.github.com/users/GuzaJaime,https://github.com/GuzaJaime,https://api.github.com/users/GuzaJaime/followers,https://api.github.com/users/GuzaJaime/following{/other_user},https://api.github.com/users/GuzaJaime/gists{/gist_id},https://api.github.com/users/GuzaJaime/starred{/owner}{/repo},https://api.github.com/users/GuzaJaime/subscriptions,https://api.github.com/users/GuzaJaime/orgs,https://api.github.com/users/GuzaJaime/repos,https://api.github.com/users/GuzaJaime/events{/privacy},https://api.github.com/users/GuzaJaime/received_events,User,False
pacocd,21128742,MDQ6VXNlcjIxMTI4NzQy,https://avatars.githubusercontent.com/u/21128742?v=4,,https://api.github.com/users/pacocd,https://github.com/pacocd,https://api.github.com/users/pacocd/followers,https://api.github.com/users/pacocd/following{/other_user},https://api.github.com/users/pacocd/gists{/gist_id},https://api.github.com/users/pacocd/starred{/owner}{/repo},https://api.github.com/users/pacocd/subscriptions,https://api.github.com/users/pacocd/orgs,https://api.github.com/users/pacocd/repos,https://api.github.com/users/pacocd/events{/privacy},https://api.github.com/users/pacocd/received_events,User,False
PonchoSalem,66835610,MDQ6VXNlcjY2ODM1NjEw,https://avatars.githubusercontent.com/u/66835610?v=4,,https://api.github.com/users/PonchoSalem,https://github.com/PonchoSalem,https://api.github.com/users/PonchoSalem/followers,https://api.github.com/users/PonchoSalem/following{/other_user},https://api.github.com/users/PonchoSalem/gists{/gist_id},https://api.github.com/users/PonchoSalem/starred{/owner}{/repo},https://api.github.com/users/PonchoSalem/subscriptions,https://api.github.com/users/PonchoSalem/orgs,https://api.github.com/users/PonchoSalem/repos,https://api.github.com/users/PonchoSalem/events{/privacy},https://api.github.com/users/PonchoSalem/received_events,User,False
Gcoral90,66852318,MDQ6VXNlcjY2ODUyMzE4,https://avatars.githubusercontent.com/u/66852318?v=4,,https://api.github.com/users/Gcoral90,https://github.com/Gcoral90,https://api.github.com/users/Gcoral90/followers,https://api.github.com/users/Gcoral90/following{/other_user},https://api.github.com/users/Gcoral90/gists{/gist_id},https://api.github.com/users/Gcoral90/starred{/owner}{/repo},https://api.github.com/users/Gcoral90/subscriptions,https://api.github.com/users/Gcoral90/orgs,https://api.github.com/users/Gcoral90/repos,https://api.github.com/users/Gcoral90/events{/privacy},https://api.github.com/users/Gcoral90/received_events,User,False
jonathanjsosa,54783742,MDQ6VXNlcjU0NzgzNzQy,https://avatars.githubusercontent.com/u/54783742?v=4,,https://api.github.com/users/jonathanjsosa,https://github.com/jonathanjsosa,https://api.github.com/users/jonathanjsosa/followers,https://api.github.com/users/jonathanjsosa/following{/other_user},https://api.github.com/users/jonathanjsosa/gists{/gist_id},https://api.github.com/users/jonathanjsosa/starred{/owner}{/repo},https://api.github.com/users/jonathanjsosa/subscriptions,https://api.github.com/users/jonathanjsosa/orgs,https://api.github.com/users/jonathanjsosa/repos,https://api.github.com/users/jonathanjsosa/events{/privacy},https://api.github.com/users/jonathanjsosa/received_events,User,False
SalvadorVizcaino,67514085,MDQ6VXNlcjY3NTE0MDg1,https://avatars.githubusercontent.com/u/67514085?v=4,,https://api.github.com/users/SalvadorVizcaino,https://github.com/SalvadorVizcaino,https://api.github.com/users/SalvadorVizcaino/followers,https://api.github.com/users/SalvadorVizcaino/following{/other_user},https://api.github.com/users/SalvadorVizcaino/gists{/gist_id},https://api.github.com/users/SalvadorVizcaino/starred{/owner}{/repo},https://api.github.com/users/SalvadorVizcaino/subscriptions,https://api.github.com/users/SalvadorVizcaino/orgs,https://api.github.com/users/SalvadorVizcaino/repos,https://api.github.com/users/SalvadorVizcaino/events{/privacy},https://api.github.com/users/SalvadorVizcaino/received_events,User,False
andrescerv,44825347,MDQ6VXNlcjQ0ODI1MzQ3,https://avatars.githubusercontent.com/u/44825347?v=4,,https://api.github.com/users/andrescerv,https://github.com/andrescerv,https://api.github.com/users/andrescerv/followers,https://api.github.com/users/andrescerv/following{/other_user},https://api.github.com/users/andrescerv/gists{/gist_id},https://api.github.com/users/andrescerv/starred{/owner}{/repo},https://api.github.com/users/andrescerv/subscriptions,https://api.github.com/users/andrescerv/orgs,https://api.github.com/users/andrescerv/repos,https://api.github.com/users/andrescerv/events{/privacy},https://api.github.com/users/andrescerv/received_events,User,False
eliseo5775,67513568,MDQ6VXNlcjY3NTEzNTY4,https://avatars.githubusercontent.com/u/67513568?v=4,,https://api.github.com/users/eliseo5775,https://github.com/eliseo5775,https://api.github.com/users/eliseo5775/followers,https://api.github.com/users/eliseo5775/following{/other_user},https://api.github.com/users/eliseo5775/gists{/gist_id},https://api.github.com/users/eliseo5775/starred{/owner}{/repo},https://api.github.com/users/eliseo5775/subscriptions,https://api.github.com/users/eliseo5775/orgs,https://api.github.com/users/eliseo5775/repos,https://api.github.com/users/eliseo5775/events{/privacy},https://api.github.com/users/eliseo5775/received_events,User,False
hazaem,389653,MDQ6VXNlcjM4OTY1Mw==,https://avatars.githubusercontent.com/u/389653?v=4,,https://api.github.com/users/hazaem,https://github.com/hazaem,https://api.github.com/users/hazaem/followers,https://api.github.com/users/hazaem/following{/other_user},https://api.github.com/users/hazaem/gists{/gist_id},https://api.github.com/users/hazaem/starred{/owner}{/repo},https://api.github.com/users/hazaem/subscriptions,https://api.github.com/users/hazaem/orgs,https://api.github.com/users/hazaem/repos,https://api.github.com/users/hazaem/events{/privacy},https://api.github.com/users/hazaem/received_events,User,False
RomelHernandez,67514045,MDQ6VXNlcjY3NTE0MDQ1,https://avatars.githubusercontent.com/u/67514045?v=4,,https://api.github.com/users/RomelHernandez,https://github.com/RomelHernandez,https://api.github.com/users/RomelHernandez/followers,https://api.github.com/users/RomelHernandez/following{/other_user},https://api.github.com/users/RomelHernandez/gists{/gist_id},https://api.github.com/users/RomelHernandez/starred{/owner}{/repo},https://api.github.com/users/RomelHernandez/subscriptions,https://api.github.com/users/RomelHernandez/orgs,https://api.github.com/users/RomelHernandez/repos,https://api.github.com/users/RomelHernandez/events{/privacy},https://api.github.com/users/RomelHernandez/received_events,User,False
Arto1597,67514216,MDQ6VXNlcjY3NTE0MjE2,https://avatars.githubusercontent.com/u/67514216?v=4,,https://api.github.com/users/Arto1597,https://github.com/Arto1597,https://api.github.com/users/Arto1597/followers,https://api.github.com/users/Arto1597/following{/other_user},https://api.github.com/users/Arto1597/gists{/gist_id},https://api.github.com/users/Arto1597/starred{/owner}{/repo},https://api.github.com/users/Arto1597/subscriptions,https://api.github.com/users/Arto1597/orgs,https://api.github.com/users/Arto1597/repos,https://api.github.com/users/Arto1597/events{/privacy},https://api.github.com/users/Arto1597/received_events,User,False
JairValle,67514107,MDQ6VXNlcjY3NTE0MTA3,https://avatars.githubusercontent.com/u/67514107?v=4,,https://api.github.com/users/JairValle,https://github.com/JairValle,https://api.github.com/users/JairValle/followers,https://api.github.com/users/JairValle/following{/other_user},https://api.github.com/users/JairValle/gists{/gist_id},https://api.github.com/users/JairValle/starred{/owner}{/repo},https://api.github.com/users/JairValle/subscriptions,https://api.github.com/users/JairValle/orgs,https://api.github.com/users/JairValle/repos,https://api.github.com/users/JairValle/events{/privacy},https://api.github.com/users/JairValle/received_events,User,False
Biaku,11024569,MDQ6VXNlcjExMDI0NTY5,https://avatars.githubusercontent.com/u/11024569?v=4,,https://api.github.com/users/Biaku,https://github.com/Biaku,https://api.github.com/users/Biaku/followers,https://api.github.com/users/Biaku/following{/other_user},https://api.github.com/users/Biaku/gists{/gist_id},https://api.github.com/users/Biaku/starred{/owner}{/repo},https://api.github.com/users/Biaku/subscriptions,https://api.github.com/users/Biaku/orgs,https://api.github.com/users/Biaku/repos,https://api.github.com/users/Biaku/events{/privacy},https://api.github.com/users/Biaku/received_events,User,False
fraknot,16626408,MDQ6VXNlcjE2NjI2NDA4,https://avatars.githubusercontent.com/u/16626408?v=4,,https://api.github.com/users/fraknot,https://github.com/fraknot,https://api.github.com/users/fraknot/followers,https://api.github.com/users/fraknot/following{/other_user},https://api.github.com/users/fraknot/gists{/gist_id},https://api.github.com/users/fraknot/starred{/owner}{/repo},https://api.github.com/users/fraknot/subscriptions,https://api.github.com/users/fraknot/orgs,https://api.github.com/users/fraknot/repos,https://api.github.com/users/fraknot/events{/privacy},https://api.github.com/users/fraknot/received_events,User,False
orosas,5386050,MDQ6VXNlcjUzODYwNTA=,https://avatars.githubusercontent.com/u/5386050?v=4,,https://api.github.com/users/orosas,https://github.com/orosas,https://api.github.com/users/orosas/followers,https://api.github.com/users/orosas/following{/other_user},https://api.github.com/users/orosas/gists{/gist_id},https://api.github.com/users/orosas/starred{/owner}{/repo},https://api.github.com/users/orosas/subscriptions,https://api.github.com/users/orosas/orgs,https://api.github.com/users/orosas/repos,https://api.github.com/users/orosas/events{/privacy},https://api.github.com/users/orosas/received_events,User,False
Lalo561,69480811,MDQ6VXNlcjY5NDgwODEx,https://avatars.githubusercontent.com/u/69480811?v=4,,https://api.github.com/users/Lalo561,https://github.com/Lalo561,https://api.github.com/users/Lalo561/followers,https://api.github.com/users/Lalo561/following{/other_user},https://api.github.com/users/Lalo561/gists{/gist_id},https://api.github.com/users/Lalo561/starred{/owner}{/repo},https://api.github.com/users/Lalo561/subscriptions,https://api.github.com/users/Lalo561/orgs,https://api.github.com/users/Lalo561/repos,https://api.github.com/users/Lalo561/events{/privacy},https://api.github.com/users/Lalo561/received_events,User,False
ednayssell7,74757834,MDQ6VXNlcjc0NzU3ODM0,https://avatars.githubusercontent.com/u/74757834?v=4,,https://api.github.com/users/ednayssell7,https://github.com/ednayssell7,https://api.github.com/users/ednayssell7/followers,https://api.github.com/users/ednayssell7/following{/other_user},https://api.github.com/users/ednayssell7/gists{/gist_id},https://api.github.com/users/ednayssell7/starred{/owner}{/repo},https://api.github.com/users/ednayssell7/subscriptions,https://api.github.com/users/ednayssell7/orgs,https://api.github.com/users/ednayssell7/repos,https://api.github.com/users/ednayssell7/events{/privacy},https://api.github.com/users/ednayssell7/received_events,User,False
salvador-fuentes,71935109,MDQ6VXNlcjcxOTM1MTA5,https://avatars.githubusercontent.com/u/71935109?v=4,,https://api.github.com/users/salvador-fuentes,https://github.com/salvador-fuentes,https://api.github.com/users/salvador-fuentes/followers,https://api.github.com/users/salvador-fuentes/following{/other_user},https://api.github.com/users/salvador-fuentes/gists{/gist_id},https://api.github.com/users/salvador-fuentes/starred{/owner}{/repo},https://api.github.com/users/salvador-fuentes/subscriptions,https://api.github.com/users/salvador-fuentes/orgs,https://api.github.com/users/salvador-fuentes/repos,https://api.github.com/users/salvador-fuentes/events{/privacy},https://api.github.com/users/salvador-fuentes/received_events,User,False
lozy1976,55959721,MDQ6VXNlcjU1OTU5NzIx,https://avatars.githubusercontent.com/u/55959721?v=4,,https://api.github.com/users/lozy1976,https://github.com/lozy1976,https://api.github.com/users/lozy1976/followers,https://api.github.com/users/lozy1976/following{/other_user},https://api.github.com/users/lozy1976/gists{/gist_id},https://api.github.com/users/lozy1976/starred{/owner}{/repo},https://api.github.com/users/lozy1976/subscriptions,https://api.github.com/users/lozy1976/orgs,https://api.github.com/users/lozy1976/repos,https://api.github.com/users/lozy1976/events{/privacy},https://api.github.com/users/lozy1976/received_events,User,False
ericdaniel,17369,MDQ6VXNlcjE3MzY5,https://avatars.githubusercontent.com/u/17369?v=4,,https://api.github.com/users/ericdaniel,https://github.com/ericdaniel,https://api.github.com/users/ericdaniel/followers,https://api.github.com/users/ericdaniel/following{/other_user},https://api.github.com/users/ericdaniel/gists{/gist_id},https://api.github.com/users/ericdaniel/starred{/owner}{/repo},https://api.github.com/users/ericdaniel/subscriptions,https://api.github.com/users/ericdaniel/orgs,https://api.github.com/users/ericdaniel/repos,https://api.github.com/users/ericdaniel/events{/privacy},https://api.github.com/users/ericdaniel/received_events,User,False
Antonio24ch,70819099,MDQ6VXNlcjcwODE5MDk5,https://avatars.githubusercontent.com/u/70819099?v=4,,https://api.github.com/users/Antonio24ch,https://github.com/Antonio24ch,https://api.github.com/users/Antonio24ch/followers,https://api.github.com/users/Antonio24ch/following{/other_user},https://api.github.com/users/Antonio24ch/gists{/gist_id},https://api.github.com/users/Antonio24ch/starred{/owner}{/repo},https://api.github.com/users/Antonio24ch/subscriptions,https://api.github.com/users/Antonio24ch/orgs,https://api.github.com/users/Antonio24ch/repos,https://api.github.com/users/Antonio24ch/events{/privacy},https://api.github.com/users/Antonio24ch/received_events,User,False
edmundo8avgz,67813513,MDQ6VXNlcjY3ODEzNTEz,https://avatars.githubusercontent.com/u/67813513?v=4,,https://api.github.com/users/edmundo8avgz,https://github.com/edmundo8avgz,https://api.github.com/users/edmundo8avgz/followers,https://api.github.com/users/edmundo8avgz/following{/other_user},https://api.github.com/users/edmundo8avgz/gists{/gist_id},https://api.github.com/users/edmundo8avgz/starred{/owner}{/repo},https://api.github.com/users/edmundo8avgz/subscriptions,https://api.github.com/users/edmundo8avgz/orgs,https://api.github.com/users/edmundo8avgz/repos,https://api.github.com/users/edmundo8avgz/events{/privacy},https://api.github.com/users/edmundo8avgz/received_events,User,False
dalai2,49468436,MDQ6VXNlcjQ5NDY4NDM2,https://avatars.githubusercontent.com/u/49468436?v=4,,https://api.github.com/users/dalai2,https://github.com/dalai2,https://api.github.com/users/dalai2/followers,https://api.github.com/users/dalai2/following{/other_user},https://api.github.com/users/dalai2/gists{/gist_id},https://api.github.com/users/dalai2/starred{/owner}{/repo},https://api.github.com/users/dalai2/subscriptions,https://api.github.com/users/dalai2/orgs,https://api.github.com/users/dalai2/repos,https://api.github.com/users/dalai2/events{/privacy},https://api.github.com/users/dalai2/received_events,User,False
